<synchronizationRule>
  <id>{27f44ceb-9ae6-4327-b5d9-f25cfb874211}</id>
  <internal-id>{27f44ceb-9ae6-4327-b5d9-f25cfb874211}</internal-id>
  <version>1</version>
  <name>Out to AAD - User AzureRMS</name>
  <description>Minimal set of attributes required for Azure RMS.</description>
  <immutable-tag>Microsoft.OuttoAADUserAzureRMS.004</immutable-tag>
  <direction>Outbound</direction>
  <disabled>False</disabled>
  <connector>{b891884f-051e-4a83-95af-2544101c9083}</connector>
  <sourceObjectType>person</sourceObjectType>
  <targetObjectType>user</targetObjectType>
  <linkType>Join</linkType>
  <precedence>130</precedence>
  <precedence-after>{00000000-0000-0000-0000-000000000000}</precedence-after>
  <precedence-before>{00000000-0000-0000-0000-000000000000}</precedence-before>
  <softDeleteExpiryInterval>00:00:00</softDeleteExpiryInterval>
  <EnablePasswordSync>false</EnablePasswordSync>
  <attribute-mappings>
    <mapping>
      <dest>displayName</dest>
      <src>
        <attr>displayName</attr>
      </src>
      <valueMergeType>Update</valueMergeType>
    </mapping>
    <mapping>
      <dest>mail</dest>
      <src>
        <attr>mail</attr>
      </src>
      <valueMergeType>Update</valueMergeType>
    </mapping>
    <mapping>
      <dest>onPremisesUserPrincipalName</dest>
      <src>
        <attr>onPremisesUserPrincipalName</attr>
      </src>
      <valueMergeType>Update</valueMergeType>
    </mapping>
    <mapping>
      <dest>proxyAddresses</dest>
      <src>
        <attr>proxyAddresses</attr>
      </src>
      <valueMergeType>Update</valueMergeType>
    </mapping>
    <mapping>
      <dest>userPrincipalName</dest>
      <src>
        <attr>userPrincipalName</attr>
      </src>
      <valueMergeType>Update</valueMergeType>
    </mapping>
  </attribute-mappings>
  <relationshipCriteria />
  <synchronizationCriteria>
    <conditions>
      <scope>
        <csAttribute>sourceObjectType</csAttribute>
        <csOperator>EQUAL</csOperator>
        <csValue>User</csValue>
      </scope>
      <scope>
        <csAttribute>cloudMastered</csAttribute>
        <csOperator>NOTEQUAL</csOperator>
        <csValue>True</csValue>
      </scope>
    </conditions>
  </synchronizationCriteria>
</synchronizationRule>