<synchronizationRule>
  <id>{9347e1d3-15f7-43b7-a35a-c9b04020f8dd}</id>
  <internal-id>{9347e1d3-15f7-43b7-a35a-c9b04020f8dd}</internal-id>
  <version>1</version>
  <name>In from AD - InetOrgPerson Join</name>
  <description />
  <immutable-tag>Microsoft.InfromADInetOrgPersonJoin.003</immutable-tag>
  <direction>Inbound</direction>
  <disabled>False</disabled>
  <connector>{ae4db4cc-b16b-4eb2-acf5-837ca84e4d7d}</connector>
  <sourceObjectType>inetOrgPerson</sourceObjectType>
  <targetObjectType>person</targetObjectType>
  <linkType>Provision</linkType>
  <precedence>101</precedence>
  <precedence-after>{00000000-0000-0000-0000-000000000000}</precedence-after>
  <precedence-before>{00000000-0000-0000-0000-000000000000}</precedence-before>
  <softDeleteExpiryInterval>00:00:00</softDeleteExpiryInterval>
  <EnablePasswordSync>false</EnablePasswordSync>
  <attribute-mappings>
    <mapping>
      <dest>cloudFiltered</dest>
      <src>
        <attr>mailNickname</attr>
        <attr>sAMAccountName</attr>
      </src>
      <expression>IIF(IsPresent([isCriticalSystemObject]) || IsPresent([sAMAccountName]) = False || [sAMAccountName] = "SUPPORT_388945a0" || Left([mailNickname], 14) = "SystemMailbox{" || Left([sAMAccountName], 4) = "AAD_" || (Left([mailNickname], 4) = "CAS_" &amp;&amp; (InStr([mailNickname], "}") &gt; 0)) || (Left([sAMAccountName], 4) = "CAS_" &amp;&amp; (InStr([sAMAccountName], "}") &gt; 0)) || Left([sAMAccountName], 5) = "MSOL_" || CBool(IIF(IsPresent([msExchRecipientTypeDetails]),BitAnd([msExchRecipientTypeDetails],&amp;H21C07000) &gt; 0,NULL)) || CBool(InStr(DNComponent(CRef([dn]),1),"\\0ACNF:")&gt;0), True, NULL)</expression>
      <valueMergeType>Update</valueMergeType>
    </mapping>
  </attribute-mappings>
  <relationshipCriteria>
    <conditions>
      <condition>
        <csAttribute>objectSid</csAttribute>
        <ilmAttribute>objectSid</ilmAttribute>
      </condition>
    </conditions>
    <conditions>
      <condition>
        <csAttribute>msExchMasterAccountSid</csAttribute>
        <ilmAttribute>objectSid</ilmAttribute>
      </condition>
    </conditions>
    <conditions>
      <condition>
        <csAttribute>objectSid</csAttribute>
        <ilmAttribute>msExchMasterAccountSid</ilmAttribute>
      </condition>
    </conditions>
    <conditions>
      <condition>
        <csAttribute>msRTCSIP-OriginatorSid</csAttribute>
        <ilmAttribute>objectSid</ilmAttribute>
      </condition>
    </conditions>
    <conditions>
      <condition>
        <csAttribute>objectSid</csAttribute>
        <ilmAttribute>msRTCSIP-OriginatorSid</ilmAttribute>
      </condition>
    </conditions>
  </relationshipCriteria>
  <synchronizationCriteria>
    <conditions>
      <scope>
        <csAttribute>isCriticalSystemObject</csAttribute>
        <csOperator>NOTEQUAL</csOperator>
        <csValue>TRUE</csValue>
      </scope>
    </conditions>
  </synchronizationCriteria>
</synchronizationRule>