<synchronizationRule>
  <id>{2fe36c5f-5753-4837-bc9a-006623b9170c}</id>
  <internal-id>{2fe36c5f-5753-4837-bc9a-006623b9170c}</internal-id>
  <version>1</version>
  <name>Out to AD - InetOrgPerson Join</name>
  <description />
  <immutable-tag>Microsoft.OuttoADInetOrgPersonJoin.003</immutable-tag>
  <direction>Outbound</direction>
  <disabled>False</disabled>
  <connector>{ae4db4cc-b16b-4eb2-acf5-837ca84e4d7d}</connector>
  <sourceObjectType>person</sourceObjectType>
  <targetObjectType>inetOrgPerson</targetObjectType>
  <linkType>Join</linkType>
  <precedence>153</precedence>
  <precedence-after>{00000000-0000-0000-0000-000000000000}</precedence-after>
  <precedence-before>{00000000-0000-0000-0000-000000000000}</precedence-before>
  <softDeleteExpiryInterval>00:00:00</softDeleteExpiryInterval>
  <EnablePasswordSync>false</EnablePasswordSync>
  <attribute-mappings />
  <relationshipCriteria>
    <conditions>
      <condition>
        <csAttribute>objectSid</csAttribute>
        <ilmAttribute>objectSid</ilmAttribute>
      </condition>
    </conditions>
    <conditions>
      <condition>
        <csAttribute>msExchMasterAccountSid</csAttribute>
        <ilmAttribute>objectSid</ilmAttribute>
      </condition>
    </conditions>
    <conditions>
      <condition>
        <csAttribute>objectSid</csAttribute>
        <ilmAttribute>msExchMasterAccountSid</ilmAttribute>
      </condition>
    </conditions>
    <conditions>
      <condition>
        <csAttribute>msRTCSIP-OriginatorSid</csAttribute>
        <ilmAttribute>objectSid</ilmAttribute>
      </condition>
    </conditions>
    <conditions>
      <condition>
        <csAttribute>objectSid</csAttribute>
        <ilmAttribute>msRTCSIP-OriginatorSid</ilmAttribute>
      </condition>
    </conditions>
  </relationshipCriteria>
  <synchronizationCriteria />
</synchronizationRule>