<synchronizationRule>
  <id>{16a77e26-bfee-4125-ad76-3291874eb639}</id>
  <internal-id>{16a77e26-bfee-4125-ad76-3291874eb639}</internal-id>
  <version>1</version>
  <name>In from AAD - Group Exchange Hybrid</name>
  <description />
  <immutable-tag>Microsoft.InfromAADGroupExchangeHybrid.003</immutable-tag>
  <direction>Inbound</direction>
  <disabled>False</disabled>
  <connector>{b891884f-051e-4a83-95af-2544101c9083}</connector>
  <sourceObjectType>group</sourceObjectType>
  <targetObjectType>group</targetObjectType>
  <linkType>Join</linkType>
  <precedence>149</precedence>
  <precedence-after>{00000000-0000-0000-0000-000000000000}</precedence-after>
  <precedence-before>{00000000-0000-0000-0000-000000000000}</precedence-before>
  <softDeleteExpiryInterval>00:00:00</softDeleteExpiryInterval>
  <EnablePasswordSync>false</EnablePasswordSync>
  <attribute-mappings>
    <mapping>
      <dest>cloudLegacyExchangeDN</dest>
      <src>
        <attr>cloudLegacyExchangeDN</attr>
      </src>
      <valueMergeType>Update</valueMergeType>
    </mapping>
    <mapping>
      <dest>cloudPublicDelegates</dest>
      <src>
        <attr>cloudPublicDelegates</attr>
      </src>
      <valueMergeType>Update</valueMergeType>
    </mapping>
  </attribute-mappings>
  <relationshipCriteria />
  <synchronizationCriteria />
</synchronizationRule>